test_group,Trial Conversion Rate,Paid Conversion Rate,ARPU,ARPPU
control,0.12127966435033434,0.015209125475285171,0.09110266159695818,5.99
treatment,0.10420475319926874,0.019456777226429876,0.10346696265343432,5.317785234899329
